,result,max_time,min_time,total_thinking_time,total_move
0,1,1.5059903,0.0,4.4348335,22
1,1,1.1551869,0.0,4.1251874,16
2,1,1.5300031,0.0,6.67993,24
