,result,max_time,min_time,total_thinking_time,total_move,thinking_time
0,-1,0.0019962788,0.0,0.0069880486,7,"0.0009925365447998047,0.001996278762817383,0.0010120868682861328,0.0009789466857910156,0.0,0.0010156631469726562,0.0009925365447998047"
