,result,max_time,min_time,total_thinking_time,total_move,thinking_time
0,1,0.0010046959,0.0,0.0060031414,7,"0.0009989738464355469,0.000997781753540039,0.0009970664978027344,0.0010020732879638672,0.0,0.0010025501251220703,0.0010046958923339844"
