,result,max_time,min_time,total_thinking_time,total_move,thinking_time
0,0,0.0020411015,0.0,0.006034851,8,"0.0009992122650146484,0.0009672641754150391,0.0,0.0009999275207519531,0.0,0.0,0.0020411014556884766,0.0010273456573486328"
