,result,max_time,min_time,total_thinking_time,total_move,thinking_time
0,-1,2.7648814,2.3219674,24.025925,10,"2.7648813724517822,2.3220221996307373,2.464996814727783,2.3530216217041016,2.3500208854675293,2.348987340927124,2.353020668029785,2.327018976211548,2.321967363357544,2.419987201690674"
